similarity_metric,collection,model,top_k,accuracy
cosine,ViT_B_32_CUHK,ViT-B-32,1,0.21246819338422393
cosine,ViT_B_32_CUHK,ViT-B-32,2,0.2589058524173028
cosine,ViT_B_32_CUHK,ViT-B-32,5,0.3155216284987277
cosine,ViT_B_32_CUHK,ViT-B-32,10,0.37213740458015265
cosine,ViT_B_32_CUHK,ViT-B-32,15,0.41857506361323155
cosine,ViT_B_32_CUHK,ViT-B-32,20,0.44783715012722647
cosine,ViT_B_32_CUHK,ViT-B-32,1,0.22073791348600508
cosine,ViT_B_32_CUHK,ViT-B-32,2,0.2729007633587786
cosine,ViT_B_32_CUHK,ViT-B-32,5,0.3326972010178117
cosine,ViT_B_32_CUHK,ViT-B-32,10,0.3924936386768448
cosine,ViT_B_32_CUHK,ViT-B-32,15,0.4312977099236641
cosine,ViT_B_32_CUHK,ViT-B-32,20,0.46501272264631044
cosine,ViT_B_32_CUHK,ViT-B-32,1,0.20483460559796438
cosine,ViT_B_32_CUHK,ViT-B-32,2,0.25190839694656486
cosine,ViT_B_32_CUHK,ViT-B-32,5,0.3212468193384224
cosine,ViT_B_32_CUHK,ViT-B-32,10,0.3753180661577608
cosine,ViT_B_32_CUHK,ViT-B-32,15,0.4179389312977099
cosine,ViT_B_32_CUHK,ViT-B-32,20,0.44656488549618323
cosine,Apple_DFN5B_CLIP_ViT_H_14_384_CUHK,hf-hub:apple/DFN5B-CLIP-ViT-H-14-384,1,0.5318066157760815
cosine,Apple_DFN5B_CLIP_ViT_H_14_384_CUHK,hf-hub:apple/DFN5B-CLIP-ViT-H-14-384,2,0.601145038167939
cosine,Apple_DFN5B_CLIP_ViT_H_14_384_CUHK,hf-hub:apple/DFN5B-CLIP-ViT-H-14-384,5,0.6838422391857506
cosine,Apple_DFN5B_CLIP_ViT_H_14_384_CUHK,hf-hub:apple/DFN5B-CLIP-ViT-H-14-384,10,0.7506361323155216
cosine,Apple_DFN5B_CLIP_ViT_H_14_384_CUHK,hf-hub:apple/DFN5B-CLIP-ViT-H-14-384,15,0.7818066157760815
cosine,Apple_DFN5B_CLIP_ViT_H_14_384_CUHK,hf-hub:apple/DFN5B-CLIP-ViT-H-14-384,20,0.8072519083969466
cosine,CLIP_ViT_bigG_14_laion2B_39B_b160k_CUHK,hf-hub:laion/CLIP-ViT-bigG-14-laion2B-39B-b160k,1,0.31170483460559795
cosine,CLIP_ViT_bigG_14_laion2B_39B_b160k_CUHK,hf-hub:laion/CLIP-ViT-bigG-14-laion2B-39B-b160k,2,0.36005089058524176
cosine,CLIP_ViT_bigG_14_laion2B_39B_b160k_CUHK,hf-hub:laion/CLIP-ViT-bigG-14-laion2B-39B-b160k,5,0.44083969465648853
cosine,CLIP_ViT_bigG_14_laion2B_39B_b160k_CUHK,hf-hub:laion/CLIP-ViT-bigG-14-laion2B-39B-b160k,10,0.5031806615776081
cosine,CLIP_ViT_bigG_14_laion2B_39B_b160k_CUHK,hf-hub:laion/CLIP-ViT-bigG-14-laion2B-39B-b160k,15,0.5343511450381679
cosine,CLIP_ViT_bigG_14_laion2B_39B_b160k_CUHK,hf-hub:laion/CLIP-ViT-bigG-14-laion2B-39B-b160k,20,0.5597964376590331
cosine,ViT_B_32_CUHK,ViT-B-32,1,0.20737913486005088
cosine,ViT_B_32_CUHK,ViT-B-32,2,0.25127226463104324
cosine,ViT_B_32_CUHK,ViT-B-32,5,0.31297709923664124
cosine,ViT_B_32_CUHK,ViT-B-32,10,0.36768447837150126
cosine,ViT_B_32_CUHK,ViT-B-32,15,0.41030534351145037
cosine,ViT_B_32_CUHK,ViT-B-32,20,0.44147582697201015
cosine,Apple_DFN5B_CLIP_ViT_H_14_384_CUHK,hf-hub:apple/DFN5B-CLIP-ViT-H-14-384,1,0.5356234096692112
cosine,Apple_DFN5B_CLIP_ViT_H_14_384_CUHK,hf-hub:apple/DFN5B-CLIP-ViT-H-14-384,2,0.5973282442748091
cosine,Apple_DFN5B_CLIP_ViT_H_14_384_CUHK,hf-hub:apple/DFN5B-CLIP-ViT-H-14-384,5,0.676208651399491
cosine,Apple_DFN5B_CLIP_ViT_H_14_384_CUHK,hf-hub:apple/DFN5B-CLIP-ViT-H-14-384,10,0.732824427480916
cosine,Apple_DFN5B_CLIP_ViT_H_14_384_CUHK,hf-hub:apple/DFN5B-CLIP-ViT-H-14-384,15,0.7735368956743003
cosine,Apple_DFN5B_CLIP_ViT_H_14_384_CUHK,hf-hub:apple/DFN5B-CLIP-ViT-H-14-384,20,0.794529262086514
cosine,ViT_B_32_CUHK,ViT-B-32,1,0.21501272264631044
cosine,ViT_B_32_CUHK,ViT-B-32,2,0.25636132315521626
cosine,ViT_B_32_CUHK,ViT-B-32,5,0.31806615776081426
cosine,ViT_B_32_CUHK,ViT-B-32,10,0.3683206106870229
cosine,ViT_B_32_CUHK,ViT-B-32,15,0.410941475826972
cosine,ViT_B_32_CUHK,ViT-B-32,20,0.4344783715012723
cosine,CLIP_ViT_bigG_14_laion2B_39B_b160k_CUHK,hf-hub:laion/CLIP-ViT-bigG-14-laion2B-39B-b160k,1,0.29770992366412213
cosine,CLIP_ViT_bigG_14_laion2B_39B_b160k_CUHK,hf-hub:laion/CLIP-ViT-bigG-14-laion2B-39B-b160k,2,0.3530534351145038
cosine,CLIP_ViT_bigG_14_laion2B_39B_b160k_CUHK,hf-hub:laion/CLIP-ViT-bigG-14-laion2B-39B-b160k,5,0.43384223918575066
cosine,CLIP_ViT_bigG_14_laion2B_39B_b160k_CUHK,hf-hub:laion/CLIP-ViT-bigG-14-laion2B-39B-b160k,10,0.4770992366412214
cosine,CLIP_ViT_bigG_14_laion2B_39B_b160k_CUHK,hf-hub:laion/CLIP-ViT-bigG-14-laion2B-39B-b160k,15,0.517175572519084
cosine,CLIP_ViT_bigG_14_laion2B_39B_b160k_CUHK,hf-hub:laion/CLIP-ViT-bigG-14-laion2B-39B-b160k,20,0.5419847328244275
cosine,ViT_B_32_CUHK,ViT-B-32,1,0.21246819338422393
cosine,ViT_B_32_CUHK,ViT-B-32,2,0.26145038167938933
cosine,ViT_B_32_CUHK,ViT-B-32,5,0.3231552162849873
cosine,ViT_B_32_CUHK,ViT-B-32,10,0.3842239185750636
cosine,ViT_B_32_CUHK,ViT-B-32,15,0.42048346055979646
cosine,ViT_B_32_CUHK,ViT-B-32,20,0.44720101781170485
cosine,Apple_DFN5B_CLIP_ViT_H_14_384_CUHK,hf-hub:apple/DFN5B-CLIP-ViT-H-14-384,1,0.5305343511450382
cosine,Apple_DFN5B_CLIP_ViT_H_14_384_CUHK,hf-hub:apple/DFN5B-CLIP-ViT-H-14-384,2,0.5986005089058524
cosine,Apple_DFN5B_CLIP_ViT_H_14_384_CUHK,hf-hub:apple/DFN5B-CLIP-ViT-H-14-384,5,0.6851145038167938
cosine,Apple_DFN5B_CLIP_ViT_H_14_384_CUHK,hf-hub:apple/DFN5B-CLIP-ViT-H-14-384,10,0.7430025445292621
cosine,Apple_DFN5B_CLIP_ViT_H_14_384_CUHK,hf-hub:apple/DFN5B-CLIP-ViT-H-14-384,15,0.7735368956743003
cosine,Apple_DFN5B_CLIP_ViT_H_14_384_CUHK,hf-hub:apple/DFN5B-CLIP-ViT-H-14-384,20,0.7977099236641222
cosine,ViT_B_32_CUHK,ViT-B-32,1,0.20419847328244276
cosine,ViT_B_32_CUHK,ViT-B-32,2,0.2544529262086514
cosine,ViT_B_32_CUHK,ViT-B-32,5,0.31234096692111957
cosine,ViT_B_32_CUHK,ViT-B-32,10,0.3651399491094148
cosine,ViT_B_32_CUHK,ViT-B-32,15,0.39631043256997456
cosine,ViT_B_32_CUHK,ViT-B-32,20,0.4287531806615776
cosine,Apple_DFN5B_CLIP_ViT_H_14_384_CUHK,hf-hub:apple/DFN5B-CLIP-ViT-H-14-384,1,0.5508905852417303
cosine,Apple_DFN5B_CLIP_ViT_H_14_384_CUHK,hf-hub:apple/DFN5B-CLIP-ViT-H-14-384,2,0.6189567430025446
cosine,Apple_DFN5B_CLIP_ViT_H_14_384_CUHK,hf-hub:apple/DFN5B-CLIP-ViT-H-14-384,5,0.693384223918575
cosine,Apple_DFN5B_CLIP_ViT_H_14_384_CUHK,hf-hub:apple/DFN5B-CLIP-ViT-H-14-384,10,0.7576335877862596
cosine,Apple_DFN5B_CLIP_ViT_H_14_384_CUHK,hf-hub:apple/DFN5B-CLIP-ViT-H-14-384,15,0.7900763358778626
cosine,Apple_DFN5B_CLIP_ViT_H_14_384_CUHK,hf-hub:apple/DFN5B-CLIP-ViT-H-14-384,20,0.811704834605598
cosine,ViT_B_32_CUHK,ViT-B-32,1,0.2035623409669211
cosine,ViT_B_32_CUHK,ViT-B-32,2,0.24618320610687022
cosine,ViT_B_32_CUHK,ViT-B-32,5,0.31361323155216286
cosine,ViT_B_32_CUHK,ViT-B-32,10,0.37659033078880405
cosine,ViT_B_32_CUHK,ViT-B-32,15,0.40903307888040713
cosine,ViT_B_32_CUHK,ViT-B-32,20,0.44083969465648853
cosine,CLIP_ViT_bigG_14_laion2B_39B_b160k_CUHK,hf-hub:laion/CLIP-ViT-bigG-14-laion2B-39B-b160k,1,0.29961832061068705
cosine,CLIP_ViT_bigG_14_laion2B_39B_b160k_CUHK,hf-hub:laion/CLIP-ViT-bigG-14-laion2B-39B-b160k,2,0.356234096692112
cosine,CLIP_ViT_bigG_14_laion2B_39B_b160k_CUHK,hf-hub:laion/CLIP-ViT-bigG-14-laion2B-39B-b160k,5,0.43384223918575066
cosine,CLIP_ViT_bigG_14_laion2B_39B_b160k_CUHK,hf-hub:laion/CLIP-ViT-bigG-14-laion2B-39B-b160k,10,0.48982188295165396
cosine,CLIP_ViT_bigG_14_laion2B_39B_b160k_CUHK,hf-hub:laion/CLIP-ViT-bigG-14-laion2B-39B-b160k,15,0.52735368956743
cosine,CLIP_ViT_bigG_14_laion2B_39B_b160k_CUHK,hf-hub:laion/CLIP-ViT-bigG-14-laion2B-39B-b160k,20,0.5540712468193384
cosine,ViT_B_32_CUHK,ViT-B-32,1,0.20483460559796438
cosine,ViT_B_32_CUHK,ViT-B-32,2,0.24936386768447838
cosine,ViT_B_32_CUHK,ViT-B-32,5,0.3110687022900763
cosine,ViT_B_32_CUHK,ViT-B-32,10,0.36323155216284986
cosine,ViT_B_32_CUHK,ViT-B-32,15,0.3994910941475827
cosine,ViT_B_32_CUHK,ViT-B-32,20,0.4255725190839695
cosine,Apple_DFN5B_CLIP_ViT_H_14_384_CUHK,hf-hub:apple/DFN5B-CLIP-ViT-H-14-384,1,0.522264631043257
cosine,Apple_DFN5B_CLIP_ViT_H_14_384_CUHK,hf-hub:apple/DFN5B-CLIP-ViT-H-14-384,2,0.5814249363867684
cosine,Apple_DFN5B_CLIP_ViT_H_14_384_CUHK,hf-hub:apple/DFN5B-CLIP-ViT-H-14-384,5,0.678117048346056
cosine,Apple_DFN5B_CLIP_ViT_H_14_384_CUHK,hf-hub:apple/DFN5B-CLIP-ViT-H-14-384,10,0.7366412213740458
cosine,Apple_DFN5B_CLIP_ViT_H_14_384_CUHK,hf-hub:apple/DFN5B-CLIP-ViT-H-14-384,15,0.7697201017811705
cosine,Apple_DFN5B_CLIP_ViT_H_14_384_CUHK,hf-hub:apple/DFN5B-CLIP-ViT-H-14-384,20,0.7951653944020356
cosine,ViT_B_32_CUHK,ViT-B-32,1,0.20865139949109415
cosine,ViT_B_32_CUHK,ViT-B-32,2,0.2480916030534351
cosine,ViT_B_32_CUHK,ViT-B-32,5,0.3110687022900763
cosine,ViT_B_32_CUHK,ViT-B-32,10,0.36895674300254455
cosine,ViT_B_32_CUHK,ViT-B-32,15,0.40521628498727735
cosine,ViT_B_32_CUHK,ViT-B-32,20,0.4268447837150127
cosine,CLIP_ViT_bigG_14_laion2B_39B_b160k_CUHK,hf-hub:laion/CLIP-ViT-bigG-14-laion2B-39B-b160k,1,0.2862595419847328
cosine,CLIP_ViT_bigG_14_laion2B_39B_b160k_CUHK,hf-hub:laion/CLIP-ViT-bigG-14-laion2B-39B-b160k,2,0.3460559796437659
cosine,CLIP_ViT_bigG_14_laion2B_39B_b160k_CUHK,hf-hub:laion/CLIP-ViT-bigG-14-laion2B-39B-b160k,5,0.42811704834605596
cosine,CLIP_ViT_bigG_14_laion2B_39B_b160k_CUHK,hf-hub:laion/CLIP-ViT-bigG-14-laion2B-39B-b160k,10,0.4802798982188295
cosine,CLIP_ViT_bigG_14_laion2B_39B_b160k_CUHK,hf-hub:laion/CLIP-ViT-bigG-14-laion2B-39B-b160k,15,0.5184478371501272
cosine,CLIP_ViT_bigG_14_laion2B_39B_b160k_CUHK,hf-hub:laion/CLIP-ViT-bigG-14-laion2B-39B-b160k,20,0.5451653944020356
cosine,Apple_DFN5B_CLIP_ViT_H_14_384_CUHK,hf-hub:apple/DFN5B-CLIP-ViT-H-14-384,1,0.52735368956743
cosine,Apple_DFN5B_CLIP_ViT_H_14_384_CUHK,hf-hub:apple/DFN5B-CLIP-ViT-H-14-384,2,0.5820610687022901
cosine,Apple_DFN5B_CLIP_ViT_H_14_384_CUHK,hf-hub:apple/DFN5B-CLIP-ViT-H-14-384,5,0.6673027989821882
cosine,Apple_DFN5B_CLIP_ViT_H_14_384_CUHK,hf-hub:apple/DFN5B-CLIP-ViT-H-14-384,10,0.7404580152671756
cosine,Apple_DFN5B_CLIP_ViT_H_14_384_CUHK,hf-hub:apple/DFN5B-CLIP-ViT-H-14-384,15,0.7767175572519084
cosine,Apple_DFN5B_CLIP_ViT_H_14_384_CUHK,hf-hub:apple/DFN5B-CLIP-ViT-H-14-384,20,0.8008905852417303
cosine,Apple_DFN5B_CLIP_ViT_H_14_384_CUHK,hf-hub:apple/DFN5B-CLIP-ViT-H-14-384,1,0.5368956743002544
cosine,Apple_DFN5B_CLIP_ViT_H_14_384_CUHK,hf-hub:apple/DFN5B-CLIP-ViT-H-14-384,2,0.6005089058524173
cosine,Apple_DFN5B_CLIP_ViT_H_14_384_CUHK,hf-hub:apple/DFN5B-CLIP-ViT-H-14-384,5,0.6863867684478372
cosine,Apple_DFN5B_CLIP_ViT_H_14_384_CUHK,hf-hub:apple/DFN5B-CLIP-ViT-H-14-384,10,0.7430025445292621
cosine,Apple_DFN5B_CLIP_ViT_H_14_384_CUHK,hf-hub:apple/DFN5B-CLIP-ViT-H-14-384,15,0.7779898218829516
cosine,Apple_DFN5B_CLIP_ViT_H_14_384_CUHK,hf-hub:apple/DFN5B-CLIP-ViT-H-14-384,20,0.8034351145038168
cosine,CLIP_ViT_bigG_14_laion2B_39B_b160k_CUHK,hf-hub:laion/CLIP-ViT-bigG-14-laion2B-39B-b160k,1,0.3097964376590331
cosine,CLIP_ViT_bigG_14_laion2B_39B_b160k_CUHK,hf-hub:laion/CLIP-ViT-bigG-14-laion2B-39B-b160k,2,0.3619592875318066
cosine,CLIP_ViT_bigG_14_laion2B_39B_b160k_CUHK,hf-hub:laion/CLIP-ViT-bigG-14-laion2B-39B-b160k,5,0.4262086513994911
cosine,CLIP_ViT_bigG_14_laion2B_39B_b160k_CUHK,hf-hub:laion/CLIP-ViT-bigG-14-laion2B-39B-b160k,10,0.4872773536895674
cosine,CLIP_ViT_bigG_14_laion2B_39B_b160k_CUHK,hf-hub:laion/CLIP-ViT-bigG-14-laion2B-39B-b160k,15,0.517175572519084
cosine,CLIP_ViT_bigG_14_laion2B_39B_b160k_CUHK,hf-hub:laion/CLIP-ViT-bigG-14-laion2B-39B-b160k,20,0.5407124681933843
cosine,Apple_DFN5B_CLIP_ViT_H_14_384_CUHK,hf-hub:apple/DFN5B-CLIP-ViT-H-14-384,1,0.5477099236641222
cosine,Apple_DFN5B_CLIP_ViT_H_14_384_CUHK,hf-hub:apple/DFN5B-CLIP-ViT-H-14-384,2,0.6151399491094147
cosine,Apple_DFN5B_CLIP_ViT_H_14_384_CUHK,hf-hub:apple/DFN5B-CLIP-ViT-H-14-384,5,0.6978371501272265
cosine,Apple_DFN5B_CLIP_ViT_H_14_384_CUHK,hf-hub:apple/DFN5B-CLIP-ViT-H-14-384,10,0.7480916030534351
cosine,Apple_DFN5B_CLIP_ViT_H_14_384_CUHK,hf-hub:apple/DFN5B-CLIP-ViT-H-14-384,15,0.7881679389312977
cosine,Apple_DFN5B_CLIP_ViT_H_14_384_CUHK,hf-hub:apple/DFN5B-CLIP-ViT-H-14-384,20,0.8110687022900763
cosine,CLIP_ViT_bigG_14_laion2B_39B_b160k_CUHK,hf-hub:laion/CLIP-ViT-bigG-14-laion2B-39B-b160k,1,0.2919847328244275
cosine,CLIP_ViT_bigG_14_laion2B_39B_b160k_CUHK,hf-hub:laion/CLIP-ViT-bigG-14-laion2B-39B-b160k,2,0.34541984732824427
cosine,CLIP_ViT_bigG_14_laion2B_39B_b160k_CUHK,hf-hub:laion/CLIP-ViT-bigG-14-laion2B-39B-b160k,5,0.4262086513994911
cosine,CLIP_ViT_bigG_14_laion2B_39B_b160k_CUHK,hf-hub:laion/CLIP-ViT-bigG-14-laion2B-39B-b160k,10,0.48854961832061067
cosine,CLIP_ViT_bigG_14_laion2B_39B_b160k_CUHK,hf-hub:laion/CLIP-ViT-bigG-14-laion2B-39B-b160k,15,0.5241730279898219
cosine,CLIP_ViT_bigG_14_laion2B_39B_b160k_CUHK,hf-hub:laion/CLIP-ViT-bigG-14-laion2B-39B-b160k,20,0.5508905852417303
cosine,Apple_DFN5B_CLIP_ViT_H_14_384_CUHK,hf-hub:apple/DFN5B-CLIP-ViT-H-14-384,1,0.5337150127226463
cosine,Apple_DFN5B_CLIP_ViT_H_14_384_CUHK,hf-hub:apple/DFN5B-CLIP-ViT-H-14-384,2,0.6030534351145038
cosine,Apple_DFN5B_CLIP_ViT_H_14_384_CUHK,hf-hub:apple/DFN5B-CLIP-ViT-H-14-384,5,0.6889312977099237
cosine,Apple_DFN5B_CLIP_ViT_H_14_384_CUHK,hf-hub:apple/DFN5B-CLIP-ViT-H-14-384,10,0.7442748091603053
cosine,Apple_DFN5B_CLIP_ViT_H_14_384_CUHK,hf-hub:apple/DFN5B-CLIP-ViT-H-14-384,15,0.7760814249363868
cosine,Apple_DFN5B_CLIP_ViT_H_14_384_CUHK,hf-hub:apple/DFN5B-CLIP-ViT-H-14-384,20,0.8059796437659033
cosine,CLIP_ViT_bigG_14_laion2B_39B_b160k_CUHK,hf-hub:laion/CLIP-ViT-bigG-14-laion2B-39B-b160k,1,0.29961832061068705
cosine,CLIP_ViT_bigG_14_laion2B_39B_b160k_CUHK,hf-hub:laion/CLIP-ViT-bigG-14-laion2B-39B-b160k,2,0.3568702290076336
cosine,CLIP_ViT_bigG_14_laion2B_39B_b160k_CUHK,hf-hub:laion/CLIP-ViT-bigG-14-laion2B-39B-b160k,5,0.4312977099236641
cosine,CLIP_ViT_bigG_14_laion2B_39B_b160k_CUHK,hf-hub:laion/CLIP-ViT-bigG-14-laion2B-39B-b160k,10,0.4904580152671756
cosine,CLIP_ViT_bigG_14_laion2B_39B_b160k_CUHK,hf-hub:laion/CLIP-ViT-bigG-14-laion2B-39B-b160k,15,0.5241730279898219
cosine,CLIP_ViT_bigG_14_laion2B_39B_b160k_CUHK,hf-hub:laion/CLIP-ViT-bigG-14-laion2B-39B-b160k,20,0.549618320610687
cosine,Apple_DFN5B_CLIP_ViT_H_14_384_CUHK,hf-hub:apple/DFN5B-CLIP-ViT-H-14-384,1,0.5279898218829516
cosine,Apple_DFN5B_CLIP_ViT_H_14_384_CUHK,hf-hub:apple/DFN5B-CLIP-ViT-H-14-384,2,0.5865139949109415
cosine,Apple_DFN5B_CLIP_ViT_H_14_384_CUHK,hf-hub:apple/DFN5B-CLIP-ViT-H-14-384,5,0.6692111959287532
cosine,Apple_DFN5B_CLIP_ViT_H_14_384_CUHK,hf-hub:apple/DFN5B-CLIP-ViT-H-14-384,10,0.7379134860050891
cosine,Apple_DFN5B_CLIP_ViT_H_14_384_CUHK,hf-hub:apple/DFN5B-CLIP-ViT-H-14-384,15,0.7760814249363868
cosine,Apple_DFN5B_CLIP_ViT_H_14_384_CUHK,hf-hub:apple/DFN5B-CLIP-ViT-H-14-384,20,0.7983460559796438
cosine,CLIP_ViT_bigG_14_laion2B_39B_b160k_CUHK,hf-hub:laion/CLIP-ViT-bigG-14-laion2B-39B-b160k,1,0.31615776081424934
cosine,CLIP_ViT_bigG_14_laion2B_39B_b160k_CUHK,hf-hub:laion/CLIP-ViT-bigG-14-laion2B-39B-b160k,2,0.3702290076335878
cosine,CLIP_ViT_bigG_14_laion2B_39B_b160k_CUHK,hf-hub:laion/CLIP-ViT-bigG-14-laion2B-39B-b160k,5,0.43829516539440205
cosine,CLIP_ViT_bigG_14_laion2B_39B_b160k_CUHK,hf-hub:laion/CLIP-ViT-bigG-14-laion2B-39B-b160k,10,0.4866412213740458
cosine,CLIP_ViT_bigG_14_laion2B_39B_b160k_CUHK,hf-hub:laion/CLIP-ViT-bigG-14-laion2B-39B-b160k,15,0.5260814249363868
cosine,CLIP_ViT_bigG_14_laion2B_39B_b160k_CUHK,hf-hub:laion/CLIP-ViT-bigG-14-laion2B-39B-b160k,20,0.544529262086514
cosine,CLIP_ViT_bigG_14_laion2B_39B_b160k_CUHK,hf-hub:laion/CLIP-ViT-bigG-14-laion2B-39B-b160k,1,0.30279898218829515
cosine,CLIP_ViT_bigG_14_laion2B_39B_b160k_CUHK,hf-hub:laion/CLIP-ViT-bigG-14-laion2B-39B-b160k,2,0.3473282442748092
cosine,CLIP_ViT_bigG_14_laion2B_39B_b160k_CUHK,hf-hub:laion/CLIP-ViT-bigG-14-laion2B-39B-b160k,5,0.4217557251908397
cosine,CLIP_ViT_bigG_14_laion2B_39B_b160k_CUHK,hf-hub:laion/CLIP-ViT-bigG-14-laion2B-39B-b160k,10,0.477735368956743
cosine,CLIP_ViT_bigG_14_laion2B_39B_b160k_CUHK,hf-hub:laion/CLIP-ViT-bigG-14-laion2B-39B-b160k,15,0.5197201017811705
cosine,CLIP_ViT_bigG_14_laion2B_39B_b160k_CUHK,hf-hub:laion/CLIP-ViT-bigG-14-laion2B-39B-b160k,20,0.5432569974554707
cosine,CLIP_ViT_bigG_14_laion2B_39B_b160k_CUHK,hf-hub:laion/CLIP-ViT-bigG-14-laion2B-39B-b160k,1,0.3104325699745547
cosine,CLIP_ViT_bigG_14_laion2B_39B_b160k_CUHK,hf-hub:laion/CLIP-ViT-bigG-14-laion2B-39B-b160k,2,0.3619592875318066
cosine,CLIP_ViT_bigG_14_laion2B_39B_b160k_CUHK,hf-hub:laion/CLIP-ViT-bigG-14-laion2B-39B-b160k,5,0.44147582697201015
cosine,CLIP_ViT_bigG_14_laion2B_39B_b160k_CUHK,hf-hub:laion/CLIP-ViT-bigG-14-laion2B-39B-b160k,10,0.5063613231552163
cosine,CLIP_ViT_bigG_14_laion2B_39B_b160k_CUHK,hf-hub:laion/CLIP-ViT-bigG-14-laion2B-39B-b160k,15,0.5400763358778626
cosine,CLIP_ViT_bigG_14_laion2B_39B_b160k_CUHK,hf-hub:laion/CLIP-ViT-bigG-14-laion2B-39B-b160k,20,0.566793893129771
custom_metric,CUHK_PDNA,PDNA,1,0.005089058524173028
custom_metric,CUHK_PDNA,PDNA,2,0.005089058524173028
custom_metric,CUHK_PDNA,PDNA,5,0.006997455470737914
custom_metric,CUHK_PDNA,PDNA,10,0.013358778625954198
custom_metric,CUHK_PDNA,PDNA,15,0.01653944020356234
custom_metric,CUHK_PDNA,PDNA,20,0.018447837150127225
euclidean,CUHK_PDNA,PDNA,1,0.21501272264631044
euclidean,CUHK_PDNA,PDNA,2,0.25636132315521626
euclidean,CUHK_PDNA,PDNA,5,0.3097964376590331
euclidean,CUHK_PDNA,PDNA,10,0.3651399491094148
euclidean,CUHK_PDNA,PDNA,15,0.39122137404580154
euclidean,CUHK_PDNA,PDNA,20,0.41921119592875317
custom_metric,CUHK_PDNA,PDNA,1,0.005089058524173028
custom_metric,CUHK_PDNA,PDNA,2,0.0057251908396946565
custom_metric,CUHK_PDNA,PDNA,5,0.00826972010178117
custom_metric,CUHK_PDNA,PDNA,10,0.014631043256997456
custom_metric,CUHK_PDNA,PDNA,15,0.019720101781170483
custom_metric,CUHK_PDNA,PDNA,20,0.022264631043257
euclidean,CUHK_PDNA,PDNA,1,0.20928753180661577
euclidean,CUHK_PDNA,PDNA,2,0.2455470737913486
euclidean,CUHK_PDNA,PDNA,5,0.30279898218829515
euclidean,CUHK_PDNA,PDNA,10,0.3555979643765903
euclidean,CUHK_PDNA,PDNA,15,0.3905852417302799
euclidean,CUHK_PDNA,PDNA,20,0.41475826972010177
custom_metric,CUHK_PDNA,PDNA,1,0.005089058524173028
custom_metric,CUHK_PDNA,PDNA,2,0.005089058524173028
custom_metric,CUHK_PDNA,PDNA,5,0.009541984732824428
custom_metric,CUHK_PDNA,PDNA,10,0.01272264631043257
custom_metric,CUHK_PDNA,PDNA,15,0.01653944020356234
custom_metric,CUHK_PDNA,PDNA,20,0.021628498727735368
custom_metric,CUHK_PDNA,PDNA,1,0.006361323155216285
custom_metric,CUHK_PDNA,PDNA,2,0.006361323155216285
custom_metric,CUHK_PDNA,PDNA,5,0.007633587786259542
custom_metric,CUHK_PDNA,PDNA,10,0.011450381679389313
custom_metric,CUHK_PDNA,PDNA,15,0.01717557251908397
custom_metric,CUHK_PDNA,PDNA,20,0.022900763358778626
euclidean,CUHK_PDNA,PDNA,1,0.21755725190839695
euclidean,CUHK_PDNA,PDNA,2,0.26017811704834604
euclidean,CUHK_PDNA,PDNA,5,0.31361323155216286
euclidean,CUHK_PDNA,PDNA,10,0.361323155216285
euclidean,CUHK_PDNA,PDNA,15,0.3893129770992366
euclidean,CUHK_PDNA,PDNA,20,0.4198473282442748
custom_metric,CUHK_PDNA,PDNA,1,0.0057251908396946565
custom_metric,CUHK_PDNA,PDNA,2,0.006361323155216285
custom_metric,CUHK_PDNA,PDNA,5,0.006997455470737914
custom_metric,CUHK_PDNA,PDNA,10,0.011450381679389313
custom_metric,CUHK_PDNA,PDNA,15,0.015903307888040712
custom_metric,CUHK_PDNA,PDNA,20,0.017811704834605598
euclidean,CUHK_PDNA,PDNA,1,0.205470737913486
euclidean,CUHK_PDNA,PDNA,2,0.24872773536895673
euclidean,CUHK_PDNA,PDNA,5,0.3104325699745547
euclidean,CUHK_PDNA,PDNA,10,0.3606870229007634
euclidean,CUHK_PDNA,PDNA,15,0.39567430025445294
euclidean,CUHK_PDNA,PDNA,20,0.4179389312977099
custom_metric,CUHK_PDNA,PDNA,1,0.004452926208651399
custom_metric,CUHK_PDNA,PDNA,2,0.004452926208651399
custom_metric,CUHK_PDNA,PDNA,5,0.00826972010178117
custom_metric,CUHK_PDNA,PDNA,10,0.010814249363867684
custom_metric,CUHK_PDNA,PDNA,15,0.013994910941475827
custom_metric,CUHK_PDNA,PDNA,20,0.020356234096692113
custom_metric,CUHK_PDNA,PDNA,1,0.0031806615776081423
custom_metric,CUHK_PDNA,PDNA,2,0.003816793893129771
custom_metric,CUHK_PDNA,PDNA,5,0.006361323155216285
custom_metric,CUHK_PDNA,PDNA,10,0.010814249363867684
custom_metric,CUHK_PDNA,PDNA,15,0.013994910941475827
custom_metric,CUHK_PDNA,PDNA,20,0.018447837150127225
euclidean,CUHK_PDNA,PDNA,1,0.21564885496183206
euclidean,CUHK_PDNA,PDNA,2,0.255089058524173
euclidean,CUHK_PDNA,PDNA,5,0.3110687022900763
euclidean,CUHK_PDNA,PDNA,10,0.3651399491094148
euclidean,CUHK_PDNA,PDNA,15,0.393765903307888
euclidean,CUHK_PDNA,PDNA,20,0.41921119592875317
custom_metric,CUHK_PDNA,PDNA,1,0.005089058524173028
custom_metric,CUHK_PDNA,PDNA,2,0.005089058524173028
custom_metric,CUHK_PDNA,PDNA,5,0.006997455470737914
custom_metric,CUHK_PDNA,PDNA,10,0.014631043256997456
custom_metric,CUHK_PDNA,PDNA,15,0.019083969465648856
custom_metric,CUHK_PDNA,PDNA,20,0.02480916030534351
custom_metric,CUHK_PDNA,PDNA,1,0.0057251908396946565
custom_metric,CUHK_PDNA,PDNA,2,0.0057251908396946565
custom_metric,CUHK_PDNA,PDNA,5,0.006997455470737914
custom_metric,CUHK_PDNA,PDNA,10,0.010814249363867684
custom_metric,CUHK_PDNA,PDNA,15,0.014631043256997456
custom_metric,CUHK_PDNA,PDNA,20,0.019720101781170483
euclidean,CUHK_PDNA,PDNA,1,0.19974554707379136
euclidean,CUHK_PDNA,PDNA,2,0.2474554707379135
euclidean,CUHK_PDNA,PDNA,5,0.3142493638676845
euclidean,CUHK_PDNA,PDNA,10,0.36323155216284986
euclidean,CUHK_PDNA,PDNA,15,0.383587786259542
euclidean,CUHK_PDNA,PDNA,20,0.40966921119592875
custom_metric,CUHK_PDNA,PDNA,1,0.005089058524173028
custom_metric,CUHK_PDNA,PDNA,2,0.005089058524173028
custom_metric,CUHK_PDNA,PDNA,5,0.007633587786259542
custom_metric,CUHK_PDNA,PDNA,10,0.011450381679389313
custom_metric,CUHK_PDNA,PDNA,15,0.014631043256997456
custom_metric,CUHK_PDNA,PDNA,20,0.019083969465648856
euclidean,CUHK_PDNA,PDNA,1,0.20928753180661577
euclidean,CUHK_PDNA,PDNA,2,0.2480916030534351
euclidean,CUHK_PDNA,PDNA,5,0.30661577608142493
euclidean,CUHK_PDNA,PDNA,10,0.3530534351145038
euclidean,CUHK_PDNA,PDNA,15,0.38231552162849874
euclidean,CUHK_PDNA,PDNA,20,0.41030534351145037
custom_metric,CUHK_PDNA,PDNA,1,0.004452926208651399
custom_metric,CUHK_PDNA,PDNA,2,0.005089058524173028
custom_metric,CUHK_PDNA,PDNA,5,0.006361323155216285
custom_metric,CUHK_PDNA,PDNA,10,0.010814249363867684
custom_metric,CUHK_PDNA,PDNA,15,0.01717557251908397
custom_metric,CUHK_PDNA,PDNA,20,0.019720101781170483
euclidean,CUHK_PDNA,PDNA,1,0.21501272264631044
euclidean,CUHK_PDNA,PDNA,2,0.2595419847328244
euclidean,CUHK_PDNA,PDNA,5,0.3256997455470738
euclidean,CUHK_PDNA,PDNA,10,0.3708651399491094
euclidean,CUHK_PDNA,PDNA,15,0.405852417302799
euclidean,CUHK_PDNA,PDNA,20,0.42811704834605596
custom_metric,CUHK_PDNA,PDNA,1,0.005089058524173028
custom_metric,CUHK_PDNA,PDNA,2,0.0057251908396946565
custom_metric,CUHK_PDNA,PDNA,5,0.008905852417302799
custom_metric,CUHK_PDNA,PDNA,10,0.012086513994910942
custom_metric,CUHK_PDNA,PDNA,15,0.015267175572519083
custom_metric,CUHK_PDNA,PDNA,20,0.019720101781170483
euclidean,CUHK_PDNA,PDNA,1,0.21183206106870228
euclidean,CUHK_PDNA,PDNA,2,0.25318066157760816
euclidean,CUHK_PDNA,PDNA,5,0.3053435114503817
euclidean,CUHK_PDNA,PDNA,10,0.3479643765903308
euclidean,CUHK_PDNA,PDNA,15,0.37404580152671757
euclidean,CUHK_PDNA,PDNA,20,0.4083969465648855
euclidean,CUHK_PDNA,PDNA,1,0.20865139949109415
euclidean,CUHK_PDNA,PDNA,2,0.24936386768447838
euclidean,CUHK_PDNA,PDNA,5,0.30279898218829515
euclidean,CUHK_PDNA,PDNA,10,0.3517811704834606
euclidean,CUHK_PDNA,PDNA,15,0.3842239185750636
euclidean,CUHK_PDNA,PDNA,20,0.41475826972010177
euclidean,CUHK_PDNA,PDNA,1,0.19783715012722647
euclidean,CUHK_PDNA,PDNA,2,0.2430025445292621
euclidean,CUHK_PDNA,PDNA,5,0.2989821882951654
euclidean,CUHK_PDNA,PDNA,10,0.3568702290076336
euclidean,CUHK_PDNA,PDNA,15,0.38676844783715014
euclidean,CUHK_PDNA,PDNA,20,0.4211195928753181
euclidean,CUHK_PDNA,PDNA,1,0.20928753180661577
euclidean,CUHK_PDNA,PDNA,2,0.24872773536895673
euclidean,CUHK_PDNA,PDNA,5,0.3142493638676845
euclidean,CUHK_PDNA,PDNA,10,0.3638676844783715
euclidean,CUHK_PDNA,PDNA,15,0.39122137404580154
euclidean,CUHK_PDNA,PDNA,20,0.4128498727735369
cosine,SIGLIP_Base_Patch16_224_CUHK,google/siglip-base-patch16-224,1,0.46564885496183206
cosine,SIGLIP_Base_Patch16_224_CUHK,google/siglip-base-patch16-224,2,0.5267175572519084
cosine,SIGLIP_Base_Patch16_224_CUHK,google/siglip-base-patch16-224,5,0.6062340966921119
cosine,SIGLIP_Base_Patch16_224_CUHK,google/siglip-base-patch16-224,10,0.6596692111959288
cosine,SIGLIP_Base_Patch16_224_CUHK,google/siglip-base-patch16-224,15,0.6908396946564885
cosine,SIGLIP_Base_Patch16_224_CUHK,google/siglip-base-patch16-224,20,0.7169211195928753
cosine,SIGLIP_Base_Patch16_224_CUHK,google/siglip-base-patch16-224,1,0.4580152671755725
cosine,SIGLIP_Base_Patch16_224_CUHK,google/siglip-base-patch16-224,2,0.5248091603053435
cosine,SIGLIP_Base_Patch16_224_CUHK,google/siglip-base-patch16-224,5,0.6119592875318066
cosine,SIGLIP_Base_Patch16_224_CUHK,google/siglip-base-patch16-224,10,0.6692111959287532
cosine,SIGLIP_Base_Patch16_224_CUHK,google/siglip-base-patch16-224,15,0.700381679389313
cosine,SIGLIP_Base_Patch16_224_CUHK,google/siglip-base-patch16-224,20,0.7220101781170484
cosine,SIGLIP_Base_Patch16_224_CUHK,google/siglip-base-patch16-224,1,0.4675572519083969
cosine,SIGLIP_Base_Patch16_224_CUHK,google/siglip-base-patch16-224,2,0.5292620865139949
cosine,SIGLIP_Base_Patch16_224_CUHK,google/siglip-base-patch16-224,5,0.6176844783715013
cosine,SIGLIP_Base_Patch16_224_CUHK,google/siglip-base-patch16-224,10,0.6641221374045801
cosine,SIGLIP_Base_Patch16_224_CUHK,google/siglip-base-patch16-224,15,0.6959287531806616
cosine,SIGLIP_Base_Patch16_224_CUHK,google/siglip-base-patch16-224,20,0.7143765903307888
cosine,SIGLIP_Base_Patch16_224_CUHK,google/siglip-base-patch16-224,1,0.4599236641221374
cosine,SIGLIP_Base_Patch16_224_CUHK,google/siglip-base-patch16-224,2,0.5209923664122137
cosine,SIGLIP_Base_Patch16_224_CUHK,google/siglip-base-patch16-224,5,0.6125954198473282
cosine,SIGLIP_Base_Patch16_224_CUHK,google/siglip-base-patch16-224,10,0.6698473282442748
cosine,SIGLIP_Base_Patch16_224_CUHK,google/siglip-base-patch16-224,15,0.7092875318066157
cosine,SIGLIP_Base_Patch16_224_CUHK,google/siglip-base-patch16-224,20,0.7360050890585241
cosine,SIGLIP_Base_Patch16_224_CUHK,google/siglip-base-patch16-224,1,0.46946564885496184
cosine,SIGLIP_Base_Patch16_224_CUHK,google/siglip-base-patch16-224,2,0.5343511450381679
cosine,SIGLIP_Base_Patch16_224_CUHK,google/siglip-base-patch16-224,5,0.6151399491094147
cosine,SIGLIP_Base_Patch16_224_CUHK,google/siglip-base-patch16-224,10,0.6692111959287532
cosine,SIGLIP_Base_Patch16_224_CUHK,google/siglip-base-patch16-224,15,0.700381679389313
cosine,SIGLIP_Base_Patch16_224_CUHK,google/siglip-base-patch16-224,20,0.7201017811704835
cosine,SIGLIP_Base_Patch16_224_CUHK,google/siglip-base-patch16-224,1,0.4662849872773537
cosine,SIGLIP_Base_Patch16_224_CUHK,google/siglip-base-patch16-224,2,0.5388040712468194
cosine,SIGLIP_Base_Patch16_224_CUHK,google/siglip-base-patch16-224,5,0.6342239185750637
cosine,SIGLIP_Base_Patch16_224_CUHK,google/siglip-base-patch16-224,10,0.6876590330788804
cosine,SIGLIP_Base_Patch16_224_CUHK,google/siglip-base-patch16-224,15,0.7143765903307888
cosine,SIGLIP_Base_Patch16_224_CUHK,google/siglip-base-patch16-224,20,0.7360050890585241
cosine,SIGLIP_Base_Patch16_224_CUHK,google/siglip-base-patch16-224,1,0.45038167938931295
cosine,SIGLIP_Base_Patch16_224_CUHK,google/siglip-base-patch16-224,2,0.5152671755725191
cosine,SIGLIP_Base_Patch16_224_CUHK,google/siglip-base-patch16-224,5,0.6087786259541985
cosine,SIGLIP_Base_Patch16_224_CUHK,google/siglip-base-patch16-224,10,0.6698473282442748
cosine,SIGLIP_Base_Patch16_224_CUHK,google/siglip-base-patch16-224,15,0.7035623409669212
cosine,SIGLIP_Base_Patch16_224_CUHK,google/siglip-base-patch16-224,20,0.7245547073791349
cosine,SIGLIP_Base_Patch16_224_CUHK,google/siglip-base-patch16-224,1,0.4618320610687023
cosine,SIGLIP_Base_Patch16_224_CUHK,google/siglip-base-patch16-224,2,0.5267175572519084
cosine,SIGLIP_Base_Patch16_224_CUHK,google/siglip-base-patch16-224,5,0.6119592875318066
cosine,SIGLIP_Base_Patch16_224_CUHK,google/siglip-base-patch16-224,10,0.6679389312977099
cosine,SIGLIP_Base_Patch16_224_CUHK,google/siglip-base-patch16-224,15,0.6984732824427481
cosine,SIGLIP_Base_Patch16_224_CUHK,google/siglip-base-patch16-224,20,0.7188295165394402
cosine,SIGLIP_Base_Patch16_224_CUHK,google/siglip-base-patch16-224,1,0.4548346055979644
cosine,SIGLIP_Base_Patch16_224_CUHK,google/siglip-base-patch16-224,2,0.5146310432569975
cosine,SIGLIP_Base_Patch16_224_CUHK,google/siglip-base-patch16-224,5,0.6055979643765903
cosine,SIGLIP_Base_Patch16_224_CUHK,google/siglip-base-patch16-224,10,0.6736641221374046
cosine,SIGLIP_Base_Patch16_224_CUHK,google/siglip-base-patch16-224,15,0.6991094147582697
cosine,SIGLIP_Base_Patch16_224_CUHK,google/siglip-base-patch16-224,20,0.7245547073791349
cosine,SIGLIP_Base_Patch16_224_CUHK,google/siglip-base-patch16-224,1,0.47837150127226463
cosine,SIGLIP_Base_Patch16_224_CUHK,google/siglip-base-patch16-224,2,0.5298982188295165
cosine,SIGLIP_Base_Patch16_224_CUHK,google/siglip-base-patch16-224,5,0.6189567430025446
cosine,SIGLIP_Base_Patch16_224_CUHK,google/siglip-base-patch16-224,10,0.6743002544529262
cosine,SIGLIP_Base_Patch16_224_CUHK,google/siglip-base-patch16-224,15,0.7118320610687023
cosine,SIGLIP_Base_Patch16_224_CUHK,google/siglip-base-patch16-224,20,0.7379134860050891
cosine,SIGLIP_Base_Patch16_224_CUHK,google/siglip-base-patch16-224,1,0.47455470737913485
cosine,SIGLIP_Base_Patch16_224_CUHK,google/siglip-base-patch16-224,2,0.52735368956743
cosine,SIGLIP_Base_Patch16_224_CUHK,google/siglip-base-patch16-224,5,0.6087786259541985
cosine,SIGLIP_Base_Patch16_224_CUHK,google/siglip-base-patch16-224,10,0.6743002544529262
cosine,SIGLIP_Base_Patch16_224_CUHK,google/siglip-base-patch16-224,15,0.7073791348600509
cosine,SIGLIP_Base_Patch16_224_CUHK,google/siglip-base-patch16-224,20,0.7290076335877863
cosine,SIGLIP_Base_Patch16_224_CUHK,google/siglip-base-patch16-224,1,0.45610687022900764
cosine,SIGLIP_Base_Patch16_224_CUHK,google/siglip-base-patch16-224,2,0.5197201017811705
cosine,SIGLIP_Base_Patch16_224_CUHK,google/siglip-base-patch16-224,5,0.6075063613231552
cosine,SIGLIP_Base_Patch16_224_CUHK,google/siglip-base-patch16-224,10,0.6641221374045801
cosine,SIGLIP_Base_Patch16_224_CUHK,google/siglip-base-patch16-224,15,0.6991094147582697
cosine,SIGLIP_Base_Patch16_224_CUHK,google/siglip-base-patch16-224,20,0.7162849872773537
cosine,SIGLIP_SO400M_Patch14_384_CUHK,google/siglip-so400m-patch14-384,1,0.5432569974554707
cosine,SIGLIP_SO400M_Patch14_384_CUHK,google/siglip-so400m-patch14-384,2,0.6075063613231552
cosine,SIGLIP_SO400M_Patch14_384_CUHK,google/siglip-so400m-patch14-384,5,0.6902035623409669
cosine,SIGLIP_SO400M_Patch14_384_CUHK,google/siglip-so400m-patch14-384,10,0.75
cosine,SIGLIP_SO400M_Patch14_384_CUHK,google/siglip-so400m-patch14-384,15,0.7856234096692112
cosine,SIGLIP_SO400M_Patch14_384_CUHK,google/siglip-so400m-patch14-384,20,0.80470737913486
cosine,SIGLIP_SO400M_Patch14_384_CUHK,google/siglip-so400m-patch14-384,1,0.5419847328244275
cosine,SIGLIP_SO400M_Patch14_384_CUHK,google/siglip-so400m-patch14-384,2,0.6024173027989822
cosine,SIGLIP_SO400M_Patch14_384_CUHK,google/siglip-so400m-patch14-384,5,0.6863867684478372
cosine,SIGLIP_SO400M_Patch14_384_CUHK,google/siglip-so400m-patch14-384,10,0.7455470737913485
cosine,SIGLIP_SO400M_Patch14_384_CUHK,google/siglip-so400m-patch14-384,15,0.7767175572519084
cosine,SIGLIP_SO400M_Patch14_384_CUHK,google/siglip-so400m-patch14-384,20,0.7970737913486005
cosine,SIGLIP_SO400M_Patch14_384_CUHK,google/siglip-so400m-patch14-384,1,0.5419847328244275
cosine,SIGLIP_SO400M_Patch14_384_CUHK,google/siglip-so400m-patch14-384,2,0.6246819338422391
cosine,SIGLIP_SO400M_Patch14_384_CUHK,google/siglip-so400m-patch14-384,5,0.6940203562340967
cosine,SIGLIP_SO400M_Patch14_384_CUHK,google/siglip-so400m-patch14-384,10,0.7525445292620865
cosine,SIGLIP_SO400M_Patch14_384_CUHK,google/siglip-so400m-patch14-384,15,0.7792620865139949
cosine,SIGLIP_SO400M_Patch14_384_CUHK,google/siglip-so400m-patch14-384,20,0.8008905852417303
cosine,SIGLIP_SO400M_Patch14_384_CUHK,google/siglip-so400m-patch14-384,1,0.5292620865139949
cosine,SIGLIP_SO400M_Patch14_384_CUHK,google/siglip-so400m-patch14-384,2,0.6005089058524173
cosine,SIGLIP_SO400M_Patch14_384_CUHK,google/siglip-so400m-patch14-384,5,0.683206106870229
cosine,SIGLIP_SO400M_Patch14_384_CUHK,google/siglip-so400m-patch14-384,10,0.7417302798982188
cosine,SIGLIP_SO400M_Patch14_384_CUHK,google/siglip-so400m-patch14-384,15,0.77735368956743
cosine,SIGLIP_SO400M_Patch14_384_CUHK,google/siglip-so400m-patch14-384,20,0.7977099236641222
cosine,SIGLIP_SO400M_Patch14_384_CUHK,google/siglip-so400m-patch14-384,1,0.5629770992366412
cosine,SIGLIP_SO400M_Patch14_384_CUHK,google/siglip-so400m-patch14-384,2,0.6208651399491094
cosine,SIGLIP_SO400M_Patch14_384_CUHK,google/siglip-so400m-patch14-384,5,0.7010178117048346
cosine,SIGLIP_SO400M_Patch14_384_CUHK,google/siglip-so400m-patch14-384,10,0.7506361323155216
cosine,SIGLIP_SO400M_Patch14_384_CUHK,google/siglip-so400m-patch14-384,15,0.7868956743002544
cosine,SIGLIP_SO400M_Patch14_384_CUHK,google/siglip-so400m-patch14-384,20,0.8129770992366412
cosine,SIGLIP_SO400M_Patch14_384_CUHK,google/siglip-so400m-patch14-384,1,0.5413486005089059
cosine,SIGLIP_SO400M_Patch14_384_CUHK,google/siglip-so400m-patch14-384,2,0.6132315521628499
cosine,SIGLIP_SO400M_Patch14_384_CUHK,google/siglip-so400m-patch14-384,5,0.6959287531806616
cosine,SIGLIP_SO400M_Patch14_384_CUHK,google/siglip-so400m-patch14-384,10,0.7480916030534351
cosine,SIGLIP_SO400M_Patch14_384_CUHK,google/siglip-so400m-patch14-384,15,0.7830788804071247
cosine,SIGLIP_SO400M_Patch14_384_CUHK,google/siglip-so400m-patch14-384,20,0.80470737913486
cosine,SIGLIP_SO400M_Patch14_384_CUHK,google/siglip-so400m-patch14-384,1,0.5388040712468194
cosine,SIGLIP_SO400M_Patch14_384_CUHK,google/siglip-so400m-patch14-384,2,0.6024173027989822
cosine,SIGLIP_SO400M_Patch14_384_CUHK,google/siglip-so400m-patch14-384,5,0.6844783715012722
cosine,SIGLIP_SO400M_Patch14_384_CUHK,google/siglip-so400m-patch14-384,10,0.75
cosine,SIGLIP_SO400M_Patch14_384_CUHK,google/siglip-so400m-patch14-384,15,0.7830788804071247
cosine,SIGLIP_SO400M_Patch14_384_CUHK,google/siglip-so400m-patch14-384,20,0.8008905852417303
cosine,SIGLIP_SO400M_Patch14_384_CUHK,google/siglip-so400m-patch14-384,1,0.5356234096692112
cosine,SIGLIP_SO400M_Patch14_384_CUHK,google/siglip-so400m-patch14-384,2,0.5973282442748091
cosine,SIGLIP_SO400M_Patch14_384_CUHK,google/siglip-so400m-patch14-384,5,0.6870229007633588
cosine,SIGLIP_SO400M_Patch14_384_CUHK,google/siglip-so400m-patch14-384,10,0.7461832061068703
cosine,SIGLIP_SO400M_Patch14_384_CUHK,google/siglip-so400m-patch14-384,15,0.77735368956743
cosine,SIGLIP_SO400M_Patch14_384_CUHK,google/siglip-so400m-patch14-384,20,0.7958015267175572
cosine,SIGLIP_SO400M_Patch14_384_CUHK,google/siglip-so400m-patch14-384,1,0.5483460559796438
cosine,SIGLIP_SO400M_Patch14_384_CUHK,google/siglip-so400m-patch14-384,2,0.611323155216285
cosine,SIGLIP_SO400M_Patch14_384_CUHK,google/siglip-so400m-patch14-384,5,0.6876590330788804
cosine,SIGLIP_SO400M_Patch14_384_CUHK,google/siglip-so400m-patch14-384,10,0.7474554707379135
cosine,SIGLIP_SO400M_Patch14_384_CUHK,google/siglip-so400m-patch14-384,15,0.7798982188295165
cosine,SIGLIP_SO400M_Patch14_384_CUHK,google/siglip-so400m-patch14-384,20,0.799618320610687
cosine,SIGLIP_SO400M_Patch14_384_CUHK,google/siglip-so400m-patch14-384,1,0.5426208651399491
cosine,SIGLIP_SO400M_Patch14_384_CUHK,google/siglip-so400m-patch14-384,2,0.6062340966921119
cosine,SIGLIP_SO400M_Patch14_384_CUHK,google/siglip-so400m-patch14-384,5,0.6876590330788804
cosine,SIGLIP_SO400M_Patch14_384_CUHK,google/siglip-so400m-patch14-384,10,0.7531806615776081
cosine,SIGLIP_SO400M_Patch14_384_CUHK,google/siglip-so400m-patch14-384,15,0.7837150127226463
cosine,SIGLIP_SO400M_Patch14_384_CUHK,google/siglip-so400m-patch14-384,20,0.8040712468193384
cosine,SIGLIP_SO400M_Patch14_384_CUHK,google/siglip-so400m-patch14-384,1,0.556615776081425
cosine,SIGLIP_SO400M_Patch14_384_CUHK,google/siglip-so400m-patch14-384,2,0.6183206106870229
cosine,SIGLIP_SO400M_Patch14_384_CUHK,google/siglip-so400m-patch14-384,5,0.6972010178117048
cosine,SIGLIP_SO400M_Patch14_384_CUHK,google/siglip-so400m-patch14-384,10,0.7538167938931297
cosine,SIGLIP_SO400M_Patch14_384_CUHK,google/siglip-so400m-patch14-384,15,0.7824427480916031
cosine,SIGLIP_SO400M_Patch14_384_CUHK,google/siglip-so400m-patch14-384,20,0.8021628498727735
cosine,Apple_DFN5B_CLIP_ViT_H_14_384_CUHK,hf-hub:apple/DFN5B-CLIP-ViT-H-14-384,1,0.5330788804071247
cosine,Apple_DFN5B_CLIP_ViT_H_14_384_CUHK,hf-hub:apple/DFN5B-CLIP-ViT-H-14-384,2,0.5966921119592875
cosine,Apple_DFN5B_CLIP_ViT_H_14_384_CUHK,hf-hub:apple/DFN5B-CLIP-ViT-H-14-384,5,0.6787531806615776
cosine,Apple_DFN5B_CLIP_ViT_H_14_384_CUHK,hf-hub:apple/DFN5B-CLIP-ViT-H-14-384,10,0.7372773536895675
cosine,Apple_DFN5B_CLIP_ViT_H_14_384_CUHK,hf-hub:apple/DFN5B-CLIP-ViT-H-14-384,15,0.7716284987277354
cosine,Apple_DFN5B_CLIP_ViT_H_14_384_CUHK,hf-hub:apple/DFN5B-CLIP-ViT-H-14-384,20,0.7983460559796438
cosine,Apple_DFN5B_CLIP_ViT_H_14_384_CUHK,hf-hub:apple/DFN5B-CLIP-ViT-H-14-384,1,0.5184478371501272
cosine,Apple_DFN5B_CLIP_ViT_H_14_384_CUHK,hf-hub:apple/DFN5B-CLIP-ViT-H-14-384,2,0.5807888040712468
cosine,Apple_DFN5B_CLIP_ViT_H_14_384_CUHK,hf-hub:apple/DFN5B-CLIP-ViT-H-14-384,5,0.6749363867684478
cosine,Apple_DFN5B_CLIP_ViT_H_14_384_CUHK,hf-hub:apple/DFN5B-CLIP-ViT-H-14-384,10,0.7449109414758269
cosine,Apple_DFN5B_CLIP_ViT_H_14_384_CUHK,hf-hub:apple/DFN5B-CLIP-ViT-H-14-384,15,0.77735368956743
cosine,Apple_DFN5B_CLIP_ViT_H_14_384_CUHK,hf-hub:apple/DFN5B-CLIP-ViT-H-14-384,20,0.8008905852417303
cosine,Apple_DFN5B_CLIP_ViT_H_14_384_CUHK,hf-hub:apple/DFN5B-CLIP-ViT-H-14-384,1,0.5190839694656488
cosine,Apple_DFN5B_CLIP_ViT_H_14_384_CUHK,hf-hub:apple/DFN5B-CLIP-ViT-H-14-384,2,0.5896946564885496
cosine,Apple_DFN5B_CLIP_ViT_H_14_384_CUHK,hf-hub:apple/DFN5B-CLIP-ViT-H-14-384,5,0.676208651399491
cosine,Apple_DFN5B_CLIP_ViT_H_14_384_CUHK,hf-hub:apple/DFN5B-CLIP-ViT-H-14-384,10,0.7366412213740458
cosine,Apple_DFN5B_CLIP_ViT_H_14_384_CUHK,hf-hub:apple/DFN5B-CLIP-ViT-H-14-384,15,0.7729007633587787
cosine,Apple_DFN5B_CLIP_ViT_H_14_384_CUHK,hf-hub:apple/DFN5B-CLIP-ViT-H-14-384,20,0.7989821882951654
cosine,Apple_DFN5B_CLIP_ViT_H_14_384_CUHK,hf-hub:apple/DFN5B-CLIP-ViT-H-14-384,1,0.5152671755725191
cosine,Apple_DFN5B_CLIP_ViT_H_14_384_CUHK,hf-hub:apple/DFN5B-CLIP-ViT-H-14-384,2,0.5896946564885496
cosine,Apple_DFN5B_CLIP_ViT_H_14_384_CUHK,hf-hub:apple/DFN5B-CLIP-ViT-H-14-384,5,0.6838422391857506
cosine,Apple_DFN5B_CLIP_ViT_H_14_384_CUHK,hf-hub:apple/DFN5B-CLIP-ViT-H-14-384,10,0.7493638676844784
cosine,Apple_DFN5B_CLIP_ViT_H_14_384_CUHK,hf-hub:apple/DFN5B-CLIP-ViT-H-14-384,15,0.787531806615776
cosine,Apple_DFN5B_CLIP_ViT_H_14_384_CUHK,hf-hub:apple/DFN5B-CLIP-ViT-H-14-384,20,0.8110687022900763
cosine,Apple_DFN5B_CLIP_ViT_H_14_384_CUHK,hf-hub:apple/DFN5B-CLIP-ViT-H-14-384,1,0.5318066157760815
cosine,Apple_DFN5B_CLIP_ViT_H_14_384_CUHK,hf-hub:apple/DFN5B-CLIP-ViT-H-14-384,2,0.5966921119592875
cosine,Apple_DFN5B_CLIP_ViT_H_14_384_CUHK,hf-hub:apple/DFN5B-CLIP-ViT-H-14-384,5,0.6857506361323156
cosine,Apple_DFN5B_CLIP_ViT_H_14_384_CUHK,hf-hub:apple/DFN5B-CLIP-ViT-H-14-384,10,0.7519083969465649
cosine,Apple_DFN5B_CLIP_ViT_H_14_384_CUHK,hf-hub:apple/DFN5B-CLIP-ViT-H-14-384,15,0.7798982188295165
cosine,Apple_DFN5B_CLIP_ViT_H_14_384_CUHK,hf-hub:apple/DFN5B-CLIP-ViT-H-14-384,20,0.8040712468193384
cosine,Apple_DFN5B_CLIP_ViT_H_14_384_CUHK,hf-hub:apple/DFN5B-CLIP-ViT-H-14-384,1,0.5362595419847328
cosine,Apple_DFN5B_CLIP_ViT_H_14_384_CUHK,hf-hub:apple/DFN5B-CLIP-ViT-H-14-384,2,0.5979643765903307
cosine,Apple_DFN5B_CLIP_ViT_H_14_384_CUHK,hf-hub:apple/DFN5B-CLIP-ViT-H-14-384,5,0.6844783715012722
cosine,Apple_DFN5B_CLIP_ViT_H_14_384_CUHK,hf-hub:apple/DFN5B-CLIP-ViT-H-14-384,10,0.7442748091603053
cosine,Apple_DFN5B_CLIP_ViT_H_14_384_CUHK,hf-hub:apple/DFN5B-CLIP-ViT-H-14-384,15,0.7868956743002544
cosine,Apple_DFN5B_CLIP_ViT_H_14_384_CUHK,hf-hub:apple/DFN5B-CLIP-ViT-H-14-384,20,0.811704834605598
custom_metric,CUHK_PDNA,PDNA,1,0.0057251908396946565
custom_metric,CUHK_PDNA,PDNA,2,0.0057251908396946565
custom_metric,CUHK_PDNA,PDNA,5,0.008905852417302799
custom_metric,CUHK_PDNA,PDNA,10,0.014631043256997456
custom_metric,CUHK_PDNA,PDNA,15,0.018447837150127225
custom_metric,CUHK_PDNA,PDNA,20,0.021628498727735368
custom_metric,CUHK_PDNA,PDNA,1,0.0057251908396946565
custom_metric,CUHK_PDNA,PDNA,2,0.006997455470737914
custom_metric,CUHK_PDNA,PDNA,5,0.008905852417302799
custom_metric,CUHK_PDNA,PDNA,10,0.013358778625954198
custom_metric,CUHK_PDNA,PDNA,15,0.020356234096692113
custom_metric,CUHK_PDNA,PDNA,20,0.022900763358778626
cosine,CLIP_ViT_bigG_14_laion2B_39B_b160k_CUHK,hf-hub:laion/CLIP-ViT-bigG-14-laion2B-39B-b160k,1,0.30725190839694655
cosine,CLIP_ViT_bigG_14_laion2B_39B_b160k_CUHK,hf-hub:laion/CLIP-ViT-bigG-14-laion2B-39B-b160k,2,0.361323155216285
cosine,CLIP_ViT_bigG_14_laion2B_39B_b160k_CUHK,hf-hub:laion/CLIP-ViT-bigG-14-laion2B-39B-b160k,5,0.4312977099236641
cosine,CLIP_ViT_bigG_14_laion2B_39B_b160k_CUHK,hf-hub:laion/CLIP-ViT-bigG-14-laion2B-39B-b160k,10,0.48282442748091603
cosine,CLIP_ViT_bigG_14_laion2B_39B_b160k_CUHK,hf-hub:laion/CLIP-ViT-bigG-14-laion2B-39B-b160k,15,0.5159033078880407
cosine,CLIP_ViT_bigG_14_laion2B_39B_b160k_CUHK,hf-hub:laion/CLIP-ViT-bigG-14-laion2B-39B-b160k,20,0.5432569974554707
cosine,Apple_DFN5B_CLIP_ViT_H_14_384_CUHK,hf-hub:apple/DFN5B-CLIP-ViT-H-14-384,25,0.8161577608142494
cosine,Apple_DFN5B_CLIP_ViT_H_14_384_CUHK,hf-hub:apple/DFN5B-CLIP-ViT-H-14-384,30,0.833969465648855
cosine,Apple_DFN5B_CLIP_ViT_H_14_384_CUHK,hf-hub:apple/DFN5B-CLIP-ViT-H-14-384,40,0.8594147582697201
cosine,Apple_DFN5B_CLIP_ViT_H_14_384_CUHK,hf-hub:apple/DFN5B-CLIP-ViT-H-14-384,50,0.8727735368956743
cosine,CLIP_ViT_bigG_14_laion2B_39B_b160k_CUHK,hf-hub:laion/CLIP-ViT-bigG-14-laion2B-39B-b160k,25,0.5826972010178118
cosine,CLIP_ViT_bigG_14_laion2B_39B_b160k_CUHK,hf-hub:laion/CLIP-ViT-bigG-14-laion2B-39B-b160k,30,0.594147582697201
cosine,CLIP_ViT_bigG_14_laion2B_39B_b160k_CUHK,hf-hub:laion/CLIP-ViT-bigG-14-laion2B-39B-b160k,40,0.6208651399491094
cosine,CLIP_ViT_bigG_14_laion2B_39B_b160k_CUHK,hf-hub:laion/CLIP-ViT-bigG-14-laion2B-39B-b160k,50,0.6501272264631043
cosine,ViT_B_32_CUHK,ViT-B-32,25,0.4662849872773537
cosine,ViT_B_32_CUHK,ViT-B-32,30,0.48854961832061067
cosine,ViT_B_32_CUHK,ViT-B-32,40,0.5184478371501272
cosine,ViT_B_32_CUHK,ViT-B-32,50,0.539440203562341
cosine,SIGLIP_Base_Patch16_224_CUHK,google/siglip-base-patch16-224,25,0.7423664122137404
cosine,SIGLIP_Base_Patch16_224_CUHK,google/siglip-base-patch16-224,30,0.7589058524173028
cosine,SIGLIP_Base_Patch16_224_CUHK,google/siglip-base-patch16-224,40,0.7837150127226463
cosine,SIGLIP_Base_Patch16_224_CUHK,google/siglip-base-patch16-224,50,0.8072519083969466
cosine,Apple_DFN5B_CLIP_ViT_H_14_384_CUHK,hf-hub:apple/DFN5B-CLIP-ViT-H-14-384,25,0.8148854961832062
cosine,Apple_DFN5B_CLIP_ViT_H_14_384_CUHK,hf-hub:apple/DFN5B-CLIP-ViT-H-14-384,30,0.8326972010178118
cosine,Apple_DFN5B_CLIP_ViT_H_14_384_CUHK,hf-hub:apple/DFN5B-CLIP-ViT-H-14-384,40,0.8568702290076335
cosine,Apple_DFN5B_CLIP_ViT_H_14_384_CUHK,hf-hub:apple/DFN5B-CLIP-ViT-H-14-384,50,0.871501272264631
cosine,SIGLIP_SO400M_Patch14_384_CUHK,google/siglip-so400m-patch14-384,25,0.8104325699745547
cosine,SIGLIP_SO400M_Patch14_384_CUHK,google/siglip-so400m-patch14-384,30,0.8256997455470738
cosine,SIGLIP_SO400M_Patch14_384_CUHK,google/siglip-so400m-patch14-384,40,0.8422391857506362
cosine,SIGLIP_SO400M_Patch14_384_CUHK,google/siglip-so400m-patch14-384,50,0.8555979643765903
cosine,ViT_B_32_CUHK,ViT-B-32,25,0.46119592875318066
cosine,ViT_B_32_CUHK,ViT-B-32,30,0.47900763358778625
cosine,ViT_B_32_CUHK,ViT-B-32,40,0.5114503816793893
cosine,ViT_B_32_CUHK,ViT-B-32,50,0.5356234096692112
cosine,CLIP_ViT_bigG_14_laion2B_39B_b160k_CUHK,hf-hub:laion/CLIP-ViT-bigG-14-laion2B-39B-b160k,25,0.5788804071246819
cosine,CLIP_ViT_bigG_14_laion2B_39B_b160k_CUHK,hf-hub:laion/CLIP-ViT-bigG-14-laion2B-39B-b160k,30,0.5935114503816794
cosine,CLIP_ViT_bigG_14_laion2B_39B_b160k_CUHK,hf-hub:laion/CLIP-ViT-bigG-14-laion2B-39B-b160k,40,0.6202290076335878
cosine,CLIP_ViT_bigG_14_laion2B_39B_b160k_CUHK,hf-hub:laion/CLIP-ViT-bigG-14-laion2B-39B-b160k,50,0.6399491094147582
cosine,SIGLIP_Base_Patch16_224_CUHK,google/siglip-base-patch16-224,25,0.7506361323155216
cosine,SIGLIP_Base_Patch16_224_CUHK,google/siglip-base-patch16-224,30,0.7684478371501272
cosine,SIGLIP_Base_Patch16_224_CUHK,google/siglip-base-patch16-224,40,0.7843511450381679
cosine,SIGLIP_Base_Patch16_224_CUHK,google/siglip-base-patch16-224,50,0.8059796437659033
cosine,Apple_DFN5B_CLIP_ViT_H_14_384_CUHK,hf-hub:apple/DFN5B-CLIP-ViT-H-14-384,25,0.8148854961832062
cosine,Apple_DFN5B_CLIP_ViT_H_14_384_CUHK,hf-hub:apple/DFN5B-CLIP-ViT-H-14-384,30,0.8276081424936387
cosine,Apple_DFN5B_CLIP_ViT_H_14_384_CUHK,hf-hub:apple/DFN5B-CLIP-ViT-H-14-384,40,0.8492366412213741
cosine,Apple_DFN5B_CLIP_ViT_H_14_384_CUHK,hf-hub:apple/DFN5B-CLIP-ViT-H-14-384,50,0.8651399491094147
cosine,ViT_B_32_CUHK,ViT-B-32,25,0.4510178117048346
cosine,ViT_B_32_CUHK,ViT-B-32,30,0.4688295165394402
cosine,ViT_B_32_CUHK,ViT-B-32,40,0.5057251908396947
cosine,ViT_B_32_CUHK,ViT-B-32,50,0.5279898218829516
cosine,SIGLIP_SO400M_Patch14_384_CUHK,google/siglip-so400m-patch14-384,25,0.8008905852417303
cosine,SIGLIP_SO400M_Patch14_384_CUHK,google/siglip-so400m-patch14-384,30,0.8136132315521628
cosine,SIGLIP_SO400M_Patch14_384_CUHK,google/siglip-so400m-patch14-384,40,0.8352417302798982
cosine,SIGLIP_SO400M_Patch14_384_CUHK,google/siglip-so400m-patch14-384,50,0.8555979643765903
cosine,CLIP_ViT_bigG_14_laion2B_39B_b160k_CUHK,hf-hub:laion/CLIP-ViT-bigG-14-laion2B-39B-b160k,25,0.5623409669211196
cosine,CLIP_ViT_bigG_14_laion2B_39B_b160k_CUHK,hf-hub:laion/CLIP-ViT-bigG-14-laion2B-39B-b160k,30,0.5801526717557252
cosine,CLIP_ViT_bigG_14_laion2B_39B_b160k_CUHK,hf-hub:laion/CLIP-ViT-bigG-14-laion2B-39B-b160k,40,0.6132315521628499
cosine,CLIP_ViT_bigG_14_laion2B_39B_b160k_CUHK,hf-hub:laion/CLIP-ViT-bigG-14-laion2B-39B-b160k,50,0.6380407124681934
cosine,SIGLIP_Base_Patch16_224_CUHK,google/siglip-base-patch16-224,25,0.7410941475826972
cosine,SIGLIP_Base_Patch16_224_CUHK,google/siglip-base-patch16-224,30,0.7614503816793893
cosine,SIGLIP_Base_Patch16_224_CUHK,google/siglip-base-patch16-224,40,0.787531806615776
cosine,SIGLIP_Base_Patch16_224_CUHK,google/siglip-base-patch16-224,50,0.8053435114503816
cosine,Apple_DFN5B_CLIP_ViT_H_14_384_CUHK,hf-hub:apple/DFN5B-CLIP-ViT-H-14-384,25,0.8174300254452926
cosine,Apple_DFN5B_CLIP_ViT_H_14_384_CUHK,hf-hub:apple/DFN5B-CLIP-ViT-H-14-384,30,0.8320610687022901
cosine,Apple_DFN5B_CLIP_ViT_H_14_384_CUHK,hf-hub:apple/DFN5B-CLIP-ViT-H-14-384,40,0.8575063613231552
cosine,Apple_DFN5B_CLIP_ViT_H_14_384_CUHK,hf-hub:apple/DFN5B-CLIP-ViT-H-14-384,50,0.8702290076335878
cosine,ViT_B_32_CUHK,ViT-B-32,25,0.4541984732824427
cosine,ViT_B_32_CUHK,ViT-B-32,30,0.4707379134860051
cosine,ViT_B_32_CUHK,ViT-B-32,40,0.5139949109414759
cosine,ViT_B_32_CUHK,ViT-B-32,50,0.5356234096692112
cosine,SIGLIP_SO400M_Patch14_384_CUHK,google/siglip-so400m-patch14-384,25,0.8155216284987278
cosine,SIGLIP_SO400M_Patch14_384_CUHK,google/siglip-so400m-patch14-384,30,0.8301526717557252
cosine,SIGLIP_SO400M_Patch14_384_CUHK,google/siglip-so400m-patch14-384,40,0.8517811704834606
cosine,SIGLIP_SO400M_Patch14_384_CUHK,google/siglip-so400m-patch14-384,50,0.8702290076335878
cosine,CLIP_ViT_bigG_14_laion2B_39B_b160k_CUHK,hf-hub:laion/CLIP-ViT-bigG-14-laion2B-39B-b160k,25,0.573791348600509
cosine,CLIP_ViT_bigG_14_laion2B_39B_b160k_CUHK,hf-hub:laion/CLIP-ViT-bigG-14-laion2B-39B-b160k,30,0.5922391857506362
cosine,CLIP_ViT_bigG_14_laion2B_39B_b160k_CUHK,hf-hub:laion/CLIP-ViT-bigG-14-laion2B-39B-b160k,40,0.6164122137404581
cosine,CLIP_ViT_bigG_14_laion2B_39B_b160k_CUHK,hf-hub:laion/CLIP-ViT-bigG-14-laion2B-39B-b160k,50,0.6399491094147582
cosine,SIGLIP_Base_Patch16_224_CUHK,google/siglip-base-patch16-224,25,0.7340966921119593
cosine,SIGLIP_Base_Patch16_224_CUHK,google/siglip-base-patch16-224,30,0.7519083969465649
cosine,SIGLIP_Base_Patch16_224_CUHK,google/siglip-base-patch16-224,40,0.7709923664122137
cosine,SIGLIP_Base_Patch16_224_CUHK,google/siglip-base-patch16-224,50,0.7951653944020356
cosine,ViT_B_32_CUHK,ViT-B-32,25,0.4720101781170484
cosine,ViT_B_32_CUHK,ViT-B-32,30,0.4847328244274809
cosine,ViT_B_32_CUHK,ViT-B-32,40,0.5216284987277354
cosine,ViT_B_32_CUHK,ViT-B-32,50,0.5407124681933843
cosine,Apple_DFN5B_CLIP_ViT_H_14_384_CUHK,hf-hub:apple/DFN5B-CLIP-ViT-H-14-384,25,0.8142493638676844
cosine,Apple_DFN5B_CLIP_ViT_H_14_384_CUHK,hf-hub:apple/DFN5B-CLIP-ViT-H-14-384,30,0.8307888040712468
cosine,Apple_DFN5B_CLIP_ViT_H_14_384_CUHK,hf-hub:apple/DFN5B-CLIP-ViT-H-14-384,40,0.851145038167939
cosine,Apple_DFN5B_CLIP_ViT_H_14_384_CUHK,hf-hub:apple/DFN5B-CLIP-ViT-H-14-384,50,0.8676844783715013
cosine,SIGLIP_SO400M_Patch14_384_CUHK,google/siglip-so400m-patch14-384,25,0.8187022900763359
cosine,SIGLIP_SO400M_Patch14_384_CUHK,google/siglip-so400m-patch14-384,30,0.8288804071246819
cosine,SIGLIP_SO400M_Patch14_384_CUHK,google/siglip-so400m-patch14-384,40,0.8466921119592875
cosine,SIGLIP_SO400M_Patch14_384_CUHK,google/siglip-so400m-patch14-384,50,0.8600508905852418
cosine,SIGLIP_Base_Patch16_224_CUHK,google/siglip-base-patch16-224,25,0.7296437659033079
cosine,SIGLIP_Base_Patch16_224_CUHK,google/siglip-base-patch16-224,30,0.7474554707379135
cosine,SIGLIP_Base_Patch16_224_CUHK,google/siglip-base-patch16-224,40,0.7697201017811705
cosine,SIGLIP_Base_Patch16_224_CUHK,google/siglip-base-patch16-224,50,0.7938931297709924
cosine,CLIP_ViT_bigG_14_laion2B_39B_b160k_CUHK,hf-hub:laion/CLIP-ViT-bigG-14-laion2B-39B-b160k,25,0.5903307888040712
cosine,CLIP_ViT_bigG_14_laion2B_39B_b160k_CUHK,hf-hub:laion/CLIP-ViT-bigG-14-laion2B-39B-b160k,30,0.6075063613231552
cosine,CLIP_ViT_bigG_14_laion2B_39B_b160k_CUHK,hf-hub:laion/CLIP-ViT-bigG-14-laion2B-39B-b160k,40,0.6380407124681934
cosine,CLIP_ViT_bigG_14_laion2B_39B_b160k_CUHK,hf-hub:laion/CLIP-ViT-bigG-14-laion2B-39B-b160k,50,0.6615776081424937
cosine,ViT_B_32_CUHK,ViT-B-32,25,0.45038167938931295
cosine,ViT_B_32_CUHK,ViT-B-32,30,0.4675572519083969
cosine,ViT_B_32_CUHK,ViT-B-32,40,0.4993638676844784
cosine,ViT_B_32_CUHK,ViT-B-32,50,0.5229007633587787
cosine,Apple_DFN5B_CLIP_ViT_H_14_384_CUHK,hf-hub:apple/DFN5B-CLIP-ViT-H-14-384,25,0.823791348600509
cosine,Apple_DFN5B_CLIP_ViT_H_14_384_CUHK,hf-hub:apple/DFN5B-CLIP-ViT-H-14-384,30,0.8454198473282443
cosine,Apple_DFN5B_CLIP_ViT_H_14_384_CUHK,hf-hub:apple/DFN5B-CLIP-ViT-H-14-384,40,0.8632315521628499
cosine,Apple_DFN5B_CLIP_ViT_H_14_384_CUHK,hf-hub:apple/DFN5B-CLIP-ViT-H-14-384,50,0.8740458015267175
cosine,SIGLIP_Base_Patch16_224_CUHK,google/siglip-base-patch16-224,25,0.7296437659033079
cosine,SIGLIP_Base_Patch16_224_CUHK,google/siglip-base-patch16-224,30,0.7493638676844784
cosine,SIGLIP_Base_Patch16_224_CUHK,google/siglip-base-patch16-224,40,0.7748091603053435
cosine,SIGLIP_Base_Patch16_224_CUHK,google/siglip-base-patch16-224,50,0.7900763358778626
cosine,SIGLIP_SO400M_Patch14_384_CUHK,google/siglip-so400m-patch14-384,25,0.8136132315521628
cosine,SIGLIP_SO400M_Patch14_384_CUHK,google/siglip-so400m-patch14-384,30,0.8225190839694656
cosine,SIGLIP_SO400M_Patch14_384_CUHK,google/siglip-so400m-patch14-384,40,0.8416030534351145
cosine,SIGLIP_SO400M_Patch14_384_CUHK,google/siglip-so400m-patch14-384,50,0.8600508905852418
cosine,ViT_B_32_CUHK,ViT-B-32,25,0.4681933842239186
cosine,ViT_B_32_CUHK,ViT-B-32,30,0.4872773536895674
cosine,ViT_B_32_CUHK,ViT-B-32,40,0.5216284987277354
cosine,ViT_B_32_CUHK,ViT-B-32,50,0.5426208651399491
euclidean,CUHK_PDNA,PDNA,25,0.4198473282442748
euclidean,CUHK_PDNA,PDNA,30,0.4402035623409669
euclidean,CUHK_PDNA,PDNA,40,0.4720101781170484
euclidean,CUHK_PDNA,PDNA,50,0.49872773536895676
cosine,CLIP_ViT_bigG_14_laion2B_39B_b160k_CUHK,hf-hub:laion/CLIP-ViT-bigG-14-laion2B-39B-b160k,25,0.5776081424936387
cosine,CLIP_ViT_bigG_14_laion2B_39B_b160k_CUHK,hf-hub:laion/CLIP-ViT-bigG-14-laion2B-39B-b160k,30,0.5954198473282443
cosine,CLIP_ViT_bigG_14_laion2B_39B_b160k_CUHK,hf-hub:laion/CLIP-ViT-bigG-14-laion2B-39B-b160k,40,0.6278625954198473
cosine,CLIP_ViT_bigG_14_laion2B_39B_b160k_CUHK,hf-hub:laion/CLIP-ViT-bigG-14-laion2B-39B-b160k,50,0.648854961832061
cosine,Apple_DFN5B_CLIP_ViT_H_14_384_CUHK,hf-hub:apple/DFN5B-CLIP-ViT-H-14-384,25,0.8206106870229007
cosine,Apple_DFN5B_CLIP_ViT_H_14_384_CUHK,hf-hub:apple/DFN5B-CLIP-ViT-H-14-384,30,0.8384223918575063
cosine,Apple_DFN5B_CLIP_ViT_H_14_384_CUHK,hf-hub:apple/DFN5B-CLIP-ViT-H-14-384,40,0.8568702290076335
cosine,Apple_DFN5B_CLIP_ViT_H_14_384_CUHK,hf-hub:apple/DFN5B-CLIP-ViT-H-14-384,50,0.8683206106870229
cosine,SIGLIP_Base_Patch16_224_CUHK,google/siglip-base-patch16-224,25,0.7353689567430025
cosine,SIGLIP_Base_Patch16_224_CUHK,google/siglip-base-patch16-224,30,0.7538167938931297
cosine,SIGLIP_Base_Patch16_224_CUHK,google/siglip-base-patch16-224,40,0.7792620865139949
cosine,SIGLIP_Base_Patch16_224_CUHK,google/siglip-base-patch16-224,50,0.7989821882951654
cosine,SIGLIP_SO400M_Patch14_384_CUHK,google/siglip-so400m-patch14-384,25,0.8136132315521628
cosine,SIGLIP_SO400M_Patch14_384_CUHK,google/siglip-so400m-patch14-384,30,0.8288804071246819
cosine,SIGLIP_SO400M_Patch14_384_CUHK,google/siglip-so400m-patch14-384,40,0.8479643765903307
cosine,SIGLIP_SO400M_Patch14_384_CUHK,google/siglip-so400m-patch14-384,50,0.8638676844783715
cosine,ViT_B_32_CUHK,ViT-B-32,25,0.45165394402035625
cosine,ViT_B_32_CUHK,ViT-B-32,30,0.47264631043257
cosine,ViT_B_32_CUHK,ViT-B-32,40,0.5063613231552163
cosine,ViT_B_32_CUHK,ViT-B-32,50,0.5324427480916031
cosine,CLIP_ViT_bigG_14_laion2B_39B_b160k_CUHK,hf-hub:laion/CLIP-ViT-bigG-14-laion2B-39B-b160k,25,0.583969465648855
cosine,CLIP_ViT_bigG_14_laion2B_39B_b160k_CUHK,hf-hub:laion/CLIP-ViT-bigG-14-laion2B-39B-b160k,30,0.6055979643765903
cosine,CLIP_ViT_bigG_14_laion2B_39B_b160k_CUHK,hf-hub:laion/CLIP-ViT-bigG-14-laion2B-39B-b160k,40,0.6342239185750637
cosine,CLIP_ViT_bigG_14_laion2B_39B_b160k_CUHK,hf-hub:laion/CLIP-ViT-bigG-14-laion2B-39B-b160k,50,0.655852417302799
cosine,Apple_DFN5B_CLIP_ViT_H_14_384_CUHK,hf-hub:apple/DFN5B-CLIP-ViT-H-14-384,25,0.8295165394402035
cosine,Apple_DFN5B_CLIP_ViT_H_14_384_CUHK,hf-hub:apple/DFN5B-CLIP-ViT-H-14-384,30,0.8409669211195929
cosine,Apple_DFN5B_CLIP_ViT_H_14_384_CUHK,hf-hub:apple/DFN5B-CLIP-ViT-H-14-384,40,0.8606870229007634
cosine,Apple_DFN5B_CLIP_ViT_H_14_384_CUHK,hf-hub:apple/DFN5B-CLIP-ViT-H-14-384,50,0.8727735368956743
cosine,SIGLIP_Base_Patch16_224_CUHK,google/siglip-base-patch16-224,25,0.739821882951654
cosine,SIGLIP_Base_Patch16_224_CUHK,google/siglip-base-patch16-224,30,0.7538167938931297
cosine,SIGLIP_Base_Patch16_224_CUHK,google/siglip-base-patch16-224,40,0.7754452926208651
cosine,SIGLIP_Base_Patch16_224_CUHK,google/siglip-base-patch16-224,50,0.7977099236641222
cosine,ViT_B_32_CUHK,ViT-B-32,25,0.4631043256997455
cosine,ViT_B_32_CUHK,ViT-B-32,30,0.48409669211195927
cosine,ViT_B_32_CUHK,ViT-B-32,40,0.5254452926208651
cosine,ViT_B_32_CUHK,ViT-B-32,50,0.5451653944020356
cosine,SIGLIP_SO400M_Patch14_384_CUHK,google/siglip-so400m-patch14-384,25,0.816793893129771
cosine,SIGLIP_SO400M_Patch14_384_CUHK,google/siglip-so400m-patch14-384,30,0.8295165394402035
cosine,SIGLIP_SO400M_Patch14_384_CUHK,google/siglip-so400m-patch14-384,40,0.8479643765903307
cosine,SIGLIP_SO400M_Patch14_384_CUHK,google/siglip-so400m-patch14-384,50,0.8651399491094147
euclidean,CUHK_PDNA,PDNA,25,0.4287531806615776
euclidean,CUHK_PDNA,PDNA,30,0.4491094147582697
euclidean,CUHK_PDNA,PDNA,40,0.477735368956743
euclidean,CUHK_PDNA,PDNA,50,0.5089058524173028
cosine,CLIP_ViT_bigG_14_laion2B_39B_b160k_CUHK,hf-hub:laion/CLIP-ViT-bigG-14-laion2B-39B-b160k,25,0.5731552162849872
cosine,CLIP_ViT_bigG_14_laion2B_39B_b160k_CUHK,hf-hub:laion/CLIP-ViT-bigG-14-laion2B-39B-b160k,30,0.5896946564885496
cosine,CLIP_ViT_bigG_14_laion2B_39B_b160k_CUHK,hf-hub:laion/CLIP-ViT-bigG-14-laion2B-39B-b160k,40,0.6138676844783715
cosine,CLIP_ViT_bigG_14_laion2B_39B_b160k_CUHK,hf-hub:laion/CLIP-ViT-bigG-14-laion2B-39B-b160k,50,0.6393129770992366
cosine,Apple_DFN5B_CLIP_ViT_H_14_384_CUHK,hf-hub:apple/DFN5B-CLIP-ViT-H-14-384,25,0.8174300254452926
cosine,Apple_DFN5B_CLIP_ViT_H_14_384_CUHK,hf-hub:apple/DFN5B-CLIP-ViT-H-14-384,30,0.8352417302798982
cosine,Apple_DFN5B_CLIP_ViT_H_14_384_CUHK,hf-hub:apple/DFN5B-CLIP-ViT-H-14-384,40,0.8619592875318066
cosine,Apple_DFN5B_CLIP_ViT_H_14_384_CUHK,hf-hub:apple/DFN5B-CLIP-ViT-H-14-384,50,0.8746819338422391
cosine,SIGLIP_Base_Patch16_224_CUHK,google/siglip-base-patch16-224,25,0.7302798982188295
cosine,SIGLIP_Base_Patch16_224_CUHK,google/siglip-base-patch16-224,30,0.7531806615776081
cosine,SIGLIP_Base_Patch16_224_CUHK,google/siglip-base-patch16-224,40,0.7798982188295165
cosine,SIGLIP_Base_Patch16_224_CUHK,google/siglip-base-patch16-224,50,0.8034351145038168
cosine,ViT_B_32_CUHK,ViT-B-32,25,0.47010178117048346
cosine,ViT_B_32_CUHK,ViT-B-32,30,0.4872773536895674
cosine,ViT_B_32_CUHK,ViT-B-32,40,0.5235368956743003
cosine,ViT_B_32_CUHK,ViT-B-32,50,0.5451653944020356
cosine,SIGLIP_SO400M_Patch14_384_CUHK,google/siglip-so400m-patch14-384,25,0.8352417302798982
cosine,SIGLIP_SO400M_Patch14_384_CUHK,google/siglip-so400m-patch14-384,30,0.8479643765903307
cosine,SIGLIP_SO400M_Patch14_384_CUHK,google/siglip-so400m-patch14-384,40,0.8606870229007634
cosine,SIGLIP_SO400M_Patch14_384_CUHK,google/siglip-so400m-patch14-384,50,0.8740458015267175
cosine,Apple_DFN5B_CLIP_ViT_H_14_384_CUHK,hf-hub:apple/DFN5B-CLIP-ViT-H-14-384,25,0.8199745547073791
cosine,Apple_DFN5B_CLIP_ViT_H_14_384_CUHK,hf-hub:apple/DFN5B-CLIP-ViT-H-14-384,30,0.8352417302798982
cosine,Apple_DFN5B_CLIP_ViT_H_14_384_CUHK,hf-hub:apple/DFN5B-CLIP-ViT-H-14-384,40,0.8562340966921119
cosine,Apple_DFN5B_CLIP_ViT_H_14_384_CUHK,hf-hub:apple/DFN5B-CLIP-ViT-H-14-384,50,0.8695928753180662
cosine,CLIP_ViT_bigG_14_laion2B_39B_b160k_CUHK,hf-hub:laion/CLIP-ViT-bigG-14-laion2B-39B-b160k,25,0.5858778625954199
cosine,CLIP_ViT_bigG_14_laion2B_39B_b160k_CUHK,hf-hub:laion/CLIP-ViT-bigG-14-laion2B-39B-b160k,30,0.611323155216285
cosine,CLIP_ViT_bigG_14_laion2B_39B_b160k_CUHK,hf-hub:laion/CLIP-ViT-bigG-14-laion2B-39B-b160k,40,0.6393129770992366
cosine,CLIP_ViT_bigG_14_laion2B_39B_b160k_CUHK,hf-hub:laion/CLIP-ViT-bigG-14-laion2B-39B-b160k,50,0.6641221374045801
cosine,SIGLIP_Base_Patch16_224_CUHK,google/siglip-base-patch16-224,25,0.7385496183206107
cosine,SIGLIP_Base_Patch16_224_CUHK,google/siglip-base-patch16-224,30,0.7620865139949109
cosine,SIGLIP_Base_Patch16_224_CUHK,google/siglip-base-patch16-224,40,0.7830788804071247
cosine,SIGLIP_Base_Patch16_224_CUHK,google/siglip-base-patch16-224,50,0.8015267175572519
cosine,SIGLIP_SO400M_Patch14_384_CUHK,google/siglip-so400m-patch14-384,25,0.811704834605598
cosine,SIGLIP_SO400M_Patch14_384_CUHK,google/siglip-so400m-patch14-384,30,0.8256997455470738
cosine,SIGLIP_SO400M_Patch14_384_CUHK,google/siglip-so400m-patch14-384,40,0.8403307888040712
cosine,SIGLIP_SO400M_Patch14_384_CUHK,google/siglip-so400m-patch14-384,50,0.8555979643765903
euclidean,CUHK_PDNA,PDNA,25,0.4510178117048346
euclidean,CUHK_PDNA,PDNA,30,0.4720101781170484
euclidean,CUHK_PDNA,PDNA,40,0.5038167938931297
euclidean,CUHK_PDNA,PDNA,50,0.5318066157760815
cosine,CLIP_ViT_bigG_14_laion2B_39B_b160k_CUHK,hf-hub:laion/CLIP-ViT-bigG-14-laion2B-39B-b160k,25,0.5706106870229007
cosine,CLIP_ViT_bigG_14_laion2B_39B_b160k_CUHK,hf-hub:laion/CLIP-ViT-bigG-14-laion2B-39B-b160k,30,0.5954198473282443
cosine,CLIP_ViT_bigG_14_laion2B_39B_b160k_CUHK,hf-hub:laion/CLIP-ViT-bigG-14-laion2B-39B-b160k,40,0.6246819338422391
cosine,CLIP_ViT_bigG_14_laion2B_39B_b160k_CUHK,hf-hub:laion/CLIP-ViT-bigG-14-laion2B-39B-b160k,50,0.6494910941475827
cosine,SIGLIP_SO400M_Patch14_384_CUHK,google/siglip-so400m-patch14-384,25,0.8072519083969466
cosine,SIGLIP_SO400M_Patch14_384_CUHK,google/siglip-so400m-patch14-384,30,0.8276081424936387
cosine,SIGLIP_SO400M_Patch14_384_CUHK,google/siglip-so400m-patch14-384,40,0.8428753180661578
cosine,SIGLIP_SO400M_Patch14_384_CUHK,google/siglip-so400m-patch14-384,50,0.8581424936386769
euclidean,CUHK_PDNA,PDNA,25,0.4198473282442748
euclidean,CUHK_PDNA,PDNA,30,0.4389312977099237
euclidean,CUHK_PDNA,PDNA,40,0.46946564885496184
euclidean,CUHK_PDNA,PDNA,50,0.49681933842239184
euclidean,CUHK_PDNA,PDNA,25,0.44147582697201015
euclidean,CUHK_PDNA,PDNA,30,0.45610687022900764
euclidean,CUHK_PDNA,PDNA,40,0.49236641221374045
euclidean,CUHK_PDNA,PDNA,50,0.5178117048346056
euclidean,CUHK_PDNA,PDNA,25,0.43765903307888043
euclidean,CUHK_PDNA,PDNA,30,0.4573791348600509
euclidean,CUHK_PDNA,PDNA,40,0.49363867684478374
euclidean,CUHK_PDNA,PDNA,50,0.5184478371501272
euclidean,CUHK_PDNA,PDNA,25,0.44974554707379133
euclidean,CUHK_PDNA,PDNA,30,0.4675572519083969
euclidean,CUHK_PDNA,PDNA,40,0.5012722646310432
euclidean,CUHK_PDNA,PDNA,50,0.5241730279898219
euclidean,CUHK_PDNA,PDNA,25,0.42366412213740456
euclidean,CUHK_PDNA,PDNA,30,0.4440203562340967
euclidean,CUHK_PDNA,PDNA,40,0.47837150127226463
euclidean,CUHK_PDNA,PDNA,50,0.5031806615776081
euclidean,CUHK_PDNA,PDNA,25,0.44083969465648853
euclidean,CUHK_PDNA,PDNA,30,0.4624681933842239
euclidean,CUHK_PDNA,PDNA,40,0.4860050890585242
euclidean,CUHK_PDNA,PDNA,50,0.5133587786259542
euclidean,CUHK_PDNA,PDNA,25,0.4580152671755725
euclidean,CUHK_PDNA,PDNA,30,0.47455470737913485
euclidean,CUHK_PDNA,PDNA,40,0.5012722646310432
euclidean,CUHK_PDNA,PDNA,50,0.5260814249363868
